,TransactionID,TransactionDate,ClientID,ProductID,ProductQuantity
0,1239182,2022-03-07 05:37:00,181,66,13
1,1239209,2022-11-27 04:28:00,229,89,9
2,1239328,2022-01-16 18:25:00,217,76,8
3,1239340,2022-11-11 03:56:00,229,39,5
4,1239369,2022-11-07 20:52:00,181,36,8
5,1239411,2022-10-03 05:53:00,229,74,4
6,1239469,2022-09-03 00:06:00,217,38,14
7,1239557,2022-06-16 14:17:00,229,68,9
8,1239622,2022-12-03 23:06:00,217,74,6
9,1239637,2022-11-05 07:52:00,181,41,11
10,1239696,2022-06-20 14:54:00,217,64,13
11,1239793,2022-09-08 12:56:00,217,1,11
12,1239794,2022-01-02 00:00:00,181,48,10
13,1239887,2022-08-30 22:11:00,181,41,9
14,1239957,2022-04-30 10:36:00,217,8,6
15,1239995,2022-03-01 22:04:00,217,6,12
16,1240113,2022-09-11 13:17:00,217,62,18
17,1240153,2022-01-07 21:49:00,229,15,15
18,1240236,2022-03-15 23:42:00,181,48,10
19,1240251,2022-12-01 10:54:00,217,24,11
20,1240370,2022-11-10 22:10:00,217,51,7
21,1240446,2022-08-20 10:46:00,229,37,14
22,1240462,2022-11-30 18:29:00,229,89,13
23,1240490,2022-06-19 17:49:00,217,10,11
24,1240503,2022-11-17 02:59:00,181,47,8
25,1240821,2022-08-17 05:35:00,181,76,11
26,1240853,2022-10-09 09:21:00,181,44,12
27,1240980,2022-10-23 00:38:00,229,23,9
28,1240981,2022-03-18 15:15:00,229,72,15
29,1241060,2022-11-30 00:13:00,181,41,9
30,1241103,2022-07-19 02:05:00,229,63,4
31,1241213,2022-05-30 21:43:00,217,64,8
32,1241367,2022-02-11 16:57:00,181,70,15
33,1241837,2022-08-08 09:16:00,229,75,10
34,1241879,2022-07-01 20:49:00,217,17,11
35,1241995,2022-01-06 23:37:00,229,9,13
36,1242153,2022-01-02 07:04:00,217,39,14
37,1242189,2022-02-11 13:24:00,181,80,21
38,1242313,2022-10-21 12:58:00,181,95,13
39,1242412,2022-09-04 02:17:00,181,85,13
40,1242466,2022-01-26 05:31:00,181,10,8
41,1242569,2022-05-04 20:13:00,229,55,16
42,1242736,2022-07-05 00:21:00,229,70,18
43,1242745,2022-11-22 18:28:00,217,82,9
44,1242803,2022-02-26 15:17:00,181,64,10
45,1242912,2022-11-29 06:14:00,217,75,12
46,1243041,2022-01-27 04:56:00,181,48,11
47,1243048,2022-01-06 20:15:00,217,62,15
48,1243071,2022-12-03 16:34:00,217,95,7
49,1243171,2022-07-04 19:18:00,217,41,13
50,1243185,2022-07-30 20:45:00,229,96,12
51,1243418,2022-07-08 19:30:00,229,76,11
52,1243503,2022-05-28 07:22:00,217,51,7
53,1243505,2022-08-24 13:14:00,181,32,7
54,1243699,2022-03-28 16:11:00,217,55,10
55,1243702,2022-10-31 21:10:00,217,74,12
56,1243767,2022-01-28 18:11:00,229,32,11
57,1243983,2022-06-01 10:01:00,217,80,13
58,1244014,2022-09-25 17:18:00,229,78,16
59,1244033,2022-09-26 04:03:00,217,30,13
60,1244088,2022-03-07 13:43:00,217,90,11
61,1244284,2022-04-22 11:38:00,217,76,4
62,1244293,2022-06-15 05:00:00,181,45,9
63,1244458,2022-05-17 11:21:00,181,71,14
64,1244765,2022-02-03 20:04:00,229,49,12
65,1244769,2022-01-08 01:51:00,181,18,12
66,1245026,2022-02-11 15:14:00,229,72,9
67,1245028,2022-03-29 06:36:00,217,51,4
68,1245031,2022-09-22 06:46:00,181,56,11
69,1245089,2022-10-26 17:57:00,217,95,7
70,1245125,2022-06-03 17:17:00,217,15,10
71,1245194,2022-10-25 10:35:00,217,14,17
72,1245207,2022-10-17 06:53:00,181,92,17
73,1245348,2022-10-20 10:36:00,181,46,7
74,1245457,2022-08-18 20:37:00,229,21,13
75,1245539,2022-10-29 04:32:00,217,91,13
76,1245589,2022-08-04 13:26:00,181,39,13
77,1245635,2022-02-17 05:58:00,181,17,13
78,1245639,2022-08-29 00:37:00,217,6,4
79,1245716,2022-01-03 06:37:00,229,52,8
80,1245781,2022-10-25 01:34:00,217,96,10
81,1245840,2022-10-01 21:46:00,217,85,11
82,1245853,2022-08-16 18:05:00,229,77,6
83,1245909,2022-08-05 15:17:00,217,4,9
84,1245977,2022-09-10 14:53:00,229,81,10
85,1246117,2022-10-10 12:17:00,181,87,10
86,1246137,2022-09-10 19:38:00,217,58,8
87,1246441,2022-09-23 15:26:00,229,26,9
88,1246546,2022-02-21 21:23:00,181,85,10
89,1246605,2022-07-01 03:12:00,229,36,18
90,1246814,2022-09-05 16:53:00,217,63,7
91,1246824,2022-11-21 17:10:00,229,28,11
92,1246911,2022-04-27 10:34:00,229,22,5
93,1246947,2022-02-05 18:10:00,181,72,11
94,1247011,2022-05-04 09:51:00,217,16,6
95,1247037,2022-06-29 18:15:00,181,85,9
96,1247066,2022-10-27 20:09:00,229,54,6
97,1247072,2022-01-23 14:15:00,217,92,12
98,1247131,2022-02-25 06:10:00,181,50,11
99,1247233,2022-09-18 00:04:00,181,8,6
100,1247293,2022-08-20 20:02:00,217,47,8
101,1247385,2022-09-28 17:17:00,229,30,11
102,1247422,2022-01-13 19:15:00,229,26,6
103,1247583,2022-08-19 19:10:00,229,55,6
104,1247703,2022-01-28 19:36:00,217,94,7
105,1247759,2022-04-29 10:49:00,217,94,10
106,1247987,2022-01-02 13:03:00,181,83,7
107,1248007,2022-08-31 01:20:00,217,46,9
108,1248238,2022-09-01 19:56:00,181,43,9
109,1248327,2022-06-17 22:52:00,181,11,3
110,1248386,2022-02-20 06:16:00,217,18,16
111,1248412,2022-10-15 21:58:00,217,17,10
112,1248488,2022-06-02 14:05:00,181,17,8
113,1248512,2022-06-19 23:44:00,229,48,7
114,1248518,2022-02-02 05:53:00,181,71,10
115,1248536,2022-04-09 16:09:00,217,66,15
116,1248636,2022-12-05 20:08:00,229,64,9
117,1248643,2022-04-24 22:09:00,229,59,11
118,1248644,2022-01-17 11:52:00,181,80,8
119,1248723,2022-06-22 08:16:00,217,2,11
120,1248830,2022-11-05 07:50:00,229,53,12
121,1248996,2022-10-30 19:11:00,229,77,10
122,1248998,2022-09-03 04:06:00,181,78,14
123,1249059,2022-04-20 22:33:00,181,62,9
124,1249080,2022-05-27 10:37:00,217,32,16
125,1249299,2022-07-02 11:10:00,217,24,9
126,1249388,2022-01-11 00:51:00,181,54,4
127,1249472,2022-02-23 06:06:00,181,43,10
128,1249740,2022-06-10 00:40:00,229,25,10
129,1249802,2022-08-07 19:24:00,229,70,13
130,1249896,2022-05-05 04:27:00,229,86,13
131,1249919,2022-09-09 20:51:00,229,34,8
132,1250002,2022-11-06 10:05:00,229,29,9
133,1250136,2022-08-22 11:18:00,181,99,13
134,1250148,2022-01-10 22:46:00,181,63,14
135,1250267,2022-04-27 20:48:00,217,46,9
136,1250305,2022-03-31 21:35:00,217,33,8
137,1250386,2022-06-25 07:10:00,181,69,15
138,1250521,2022-12-02 20:45:00,181,28,6
139,1250621,2022-01-24 02:55:00,181,37,11
140,1250711,2022-05-05 10:12:00,229,39,11
141,1250775,2022-11-17 00:00:00,217,59,8
142,1250846,2022-04-19 07:19:00,217,24,10
143,1250850,2022-06-10 15:28:00,181,57,10
144,1250907,2022-03-06 01:00:00,229,82,12
145,1250927,2022-04-21 17:10:00,229,44,6
146,1250992,2022-02-15 15:03:00,217,47,13
147,1251078,2022-11-26 13:06:00,229,92,6
148,1251128,2022-12-04 10:36:00,217,82,8
149,1251159,2022-08-01 13:34:00,217,96,6
150,1251302,2022-06-09 15:52:00,229,41,11
151,1251324,2022-01-26 05:28:00,181,72,7
152,1251397,2022-06-17 20:32:00,217,62,11
153,1251519,2022-12-03 03:18:00,181,89,13
154,1251525,2022-06-06 05:52:00,217,42,15
155,1251577,2022-05-05 08:28:00,181,74,8
156,1251723,2022-04-15 01:08:00,229,47,9
157,1251761,2022-03-10 15:20:00,181,38,12
158,1252164,2022-02-18 03:12:00,217,46,15
159,1252182,2022-02-06 22:31:00,229,83,14
160,1252235,2022-09-06 16:48:00,181,26,10
161,1252237,2022-01-06 01:51:00,229,45,10
162,1252347,2022-11-22 22:19:00,229,42,11
163,1252393,2022-11-21 14:37:00,229,9,16
164,1252405,2022-10-09 09:58:00,229,49,8
165,1252504,2022-05-05 15:54:00,229,72,10
166,1252799,2022-09-30 05:36:00,217,74,12
167,1252985,2022-11-30 07:05:00,217,7,10
168,1253003,2022-05-11 18:48:00,217,66,11
169,1253011,2022-11-05 17:04:00,229,92,11
170,1253143,2022-08-21 23:37:00,181,80,8
171,1253303,2022-11-02 18:52:00,217,81,12
172,1253311,2022-11-07 15:58:00,181,52,12
173,1253321,2022-09-18 21:57:00,229,60,11
174,1253336,2022-02-26 02:44:00,181,88,11
175,1253361,2022-11-07 06:13:00,181,77,10
176,1253682,2022-03-01 17:20:00,181,19,6
177,1253704,2022-10-01 16:41:00,229,62,9
178,1253779,2022-03-27 17:31:00,181,28,15
179,1253842,2022-03-25 20:43:00,181,29,6
180,1253843,2022-05-29 16:24:00,217,20,13
181,1253889,2022-02-18 01:48:00,229,17,14
182,1253897,2022-09-23 09:23:00,229,68,12
183,1253964,2022-10-08 06:01:00,229,63,9
184,1254332,2022-07-22 05:50:00,229,36,11
185,1254400,2022-09-02 11:41:00,217,73,10
186,1254536,2022-03-14 02:07:00,181,75,9
187,1254537,2022-11-22 12:19:00,229,85,13
188,1254605,2022-10-21 08:55:00,181,63,14
189,1254703,2022-11-05 05:52:00,181,56,10
190,1254797,2022-09-04 05:51:00,229,71,5
191,1254830,2022-08-03 23:21:00,217,40,11
192,1254831,2022-03-23 14:40:00,217,93,15
193,1254855,2022-03-29 19:30:00,217,27,4
194,1255135,2022-08-18 06:30:00,229,93,12
195,1255221,2022-11-18 07:13:00,181,49,9
196,1255267,2022-11-11 13:18:00,181,47,10
197,1255571,2022-02-04 04:18:00,217,47,5
198,1255664,2022-08-01 22:10:00,229,38,9
199,1255813,2022-10-18 01:00:00,229,16,5
200,1255914,2022-06-29 20:51:00,181,87,9
201,1255925,2022-09-08 00:58:00,229,40,6
202,1255937,2022-03-10 09:22:00,217,88,9
203,1255993,2022-05-03 20:03:00,229,59,8
204,1255998,2022-05-01 17:24:00,181,60,11
205,1256012,2022-05-04 21:07:00,181,14,8
206,1256019,2022-03-14 15:41:00,217,77,12
207,1256028,2022-01-24 18:23:00,229,14,10
208,1256050,2022-01-14 16:23:00,229,25,11
209,1256095,2022-01-26 12:13:00,229,26,13
210,1256097,2022-07-15 23:17:00,181,3,10
211,1256180,2022-04-24 19:46:00,229,45,11
212,1256213,2022-10-29 18:29:00,181,30,14
213,1256361,2022-03-30 11:11:00,181,74,11
214,1256402,2022-08-22 23:22:00,217,29,7
215,1256550,2022-08-14 18:14:00,217,63,7
216,1256617,2022-04-20 12:42:00,217,92,10
217,1256642,2022-09-30 21:46:00,229,15,12
218,1256694,2022-11-09 03:20:00,181,24,10
219,1256729,2022-06-19 13:10:00,217,16,8
220,1256736,2022-02-07 05:52:00,217,50,7
221,1256797,2022-01-18 06:01:00,217,39,14
222,1256848,2022-08-10 19:50:00,181,62,8
223,1256886,2022-02-21 10:33:00,229,60,21
224,1257381,2022-05-29 04:21:00,229,67,8
225,1257512,2022-09-02 20:48:00,181,30,13
226,1257523,2022-07-23 17:08:00,181,95,4
227,1257699,2022-07-11 04:02:00,217,12,12
228,1257703,2022-10-19 01:19:00,229,86,9
229,1257803,2022-10-28 09:10:00,229,45,11
230,1257804,2022-08-14 19:39:00,217,8,10
231,1257849,2022-03-24 01:44:00,181,97,4
232,1257997,2022-07-17 21:51:00,181,92,18
233,1258061,2022-12-05 09:18:00,217,85,12
234,1258101,2022-10-15 00:09:00,229,32,7
235,1258137,2022-11-10 17:39:00,229,73,12
236,1258256,2022-08-31 05:18:00,181,18,7
237,1258335,2022-09-11 00:48:00,229,47,9
238,1258359,2022-04-05 09:29:00,229,54,13
239,1258374,2022-04-13 06:09:00,229,72,7
240,1258422,2022-11-21 23:36:00,217,39,13
241,1259080,2022-12-03 14:37:00,229,37,14
242,1259096,2022-07-04 17:37:00,229,16,9
243,1259116,2022-11-27 06:17:00,229,83,13
244,1259256,2022-07-27 10:24:00,181,68,10
245,1259391,2022-08-11 09:11:00,181,89,11
246,1259484,2022-09-08 17:22:00,229,92,14
247,1259543,2022-01-18 22:38:00,229,45,8
248,1259679,2022-05-06 14:47:00,181,61,7
249,1259695,2022-06-19 12:38:00,229,12,13
250,1260023,2022-11-18 03:16:00,217,35,16
251,1260043,2022-08-15 09:13:00,229,69,10
252,1260053,2022-01-13 15:08:00,229,97,7
253,1260318,2022-08-19 09:17:00,229,26,8
254,1260399,2022-10-23 10:44:00,217,65,12
255,1260455,2022-01-07 03:40:00,181,21,12
256,1260549,2022-03-26 12:10:00,181,58,6
257,1260686,2022-03-26 13:52:00,229,69,14
258,1260730,2022-07-01 16:03:00,229,81,11
259,1260783,2022-12-11 03:00:00,229,68,7
260,1260996,2022-02-18 08:25:00,217,44,13
261,1261020,2022-01-17 17:01:00,217,69,9
262,1261152,2022-05-22 08:48:00,229,31,9
263,1261215,2022-09-18 22:57:00,229,20,8
264,1261260,2022-01-03 15:12:00,229,48,6
265,1261391,2022-01-24 11:39:00,181,50,14
266,1261464,2022-05-27 04:45:00,229,72,8
267,1261530,2022-12-06 05:12:00,181,72,9
268,1261683,2022-04-28 05:11:00,217,6,9
269,1261771,2022-04-15 12:05:00,229,40,11
270,1261786,2022-10-08 18:57:00,229,76,16
271,1261895,2022-04-18 11:54:00,181,91,10
272,1262077,2022-06-01 11:58:00,229,84,9
273,1262098,2022-08-01 20:27:00,217,1,11
274,1262132,2022-01-19 02:37:00,229,33,5
275,1262144,2022-05-21 18:13:00,181,51,14
276,1262199,2022-12-04 20:31:00,217,9,16
277,1262254,2022-09-19 10:58:00,217,55,8
278,1262346,2022-05-14 02:15:00,181,9,19
279,1262519,2022-09-20 19:20:00,217,16,7
280,1262555,2022-01-13 10:05:00,229,46,7
281,1262613,2022-08-22 22:17:00,217,80,10
282,1262764,2022-04-04 01:58:00,181,28,6
283,1262803,2022-09-20 18:56:00,229,26,9
284,1262837,2022-07-04 13:58:00,181,55,18
285,1262905,2022-10-27 20:05:00,229,47,14
286,1262972,2022-03-25 19:18:00,217,12,13
287,1263052,2022-09-27 02:29:00,229,75,7
288,1263157,2022-06-02 07:51:00,181,94,8
289,1263342,2022-05-16 22:47:00,217,85,11
290,1263353,2022-02-02 11:05:00,229,79,9
291,1263387,2022-10-10 01:40:00,229,85,9
292,1263401,2022-04-18 17:03:00,229,63,8
293,1263404,2022-05-19 00:19:00,217,13,7
294,1263426,2022-11-20 06:24:00,181,12,6
295,1263564,2022-06-11 06:31:00,217,32,9
296,1263713,2022-09-26 06:14:00,181,12,16
297,1263866,2022-08-25 01:23:00,217,76,11
298,1263924,2022-07-24 21:25:00,181,41,11
299,1264131,2022-05-07 09:50:00,217,25,11
300,1264240,2022-08-09 02:25:00,229,49,9
301,1264321,2022-05-09 03:01:00,217,50,8
302,1264377,2022-10-01 06:04:00,181,6,12
303,1264409,2022-05-02 06:26:00,181,4,11
304,1264410,2022-06-04 08:57:00,229,35,4
305,1264451,2022-04-07 21:52:00,181,85,15
306,1264471,2022-10-15 16:44:00,181,96,13
307,1264659,2022-01-30 07:09:00,217,84,8
308,1264835,2022-03-14 02:23:00,181,65,15
309,1264841,2022-02-08 01:06:00,229,77,9
310,1264897,2022-12-08 11:56:00,181,86,7
311,1264953,2022-06-16 02:43:00,217,83,9
312,1265090,2022-01-29 09:42:00,217,42,16
313,1265143,2022-02-06 18:34:00,181,94,4
314,1265218,2022-05-04 20:57:00,217,7,8
315,1265229,2022-05-19 17:46:00,217,56,4
316,1265308,2022-10-25 12:24:00,217,10,9
317,1265373,2022-10-21 15:04:00,181,91,6
318,1265460,2022-09-13 05:10:00,217,36,14
319,1265519,2022-12-04 21:34:00,217,97,6
320,1265598,2022-03-11 16:23:00,229,6,12
321,1265618,2022-10-29 21:05:00,217,1,8
322,1265628,2022-10-21 20:32:00,181,78,7
323,1265700,2022-12-05 22:48:00,229,5,11
324,1265824,2022-10-26 12:24:00,217,41,10
325,1265950,2022-01-01 05:03:00,229,30,13
326,1266026,2022-08-03 09:35:00,217,31,6
327,1266035,2022-01-21 16:07:00,229,51,11
328,1266245,2022-06-01 21:11:00,229,86,16
329,1266366,2022-11-10 09:07:00,229,17,14
330,1266455,2022-11-03 14:17:00,181,28,10
331,1266536,2022-01-07 06:34:00,229,63,8
332,1266549,2022-09-07 11:41:00,217,69,7
333,1266635,2022-08-27 18:20:00,181,70,12
334,1266651,2022-12-11 08:35:00,217,68,8
335,1266902,2022-03-04 17:23:00,229,2,12
336,1266914,2022-08-13 15:23:00,229,40,9
337,1266924,2022-10-22 17:01:00,229,73,8
338,1266973,2022-01-07 01:00:00,229,8,13
339,1267018,2022-03-06 16:06:00,229,38,14
340,1267252,2022-10-17 23:47:00,181,5,11
341,1267310,2022-10-21 18:53:00,217,36,12
342,1267411,2022-02-25 03:11:00,181,85,13
343,1267508,2022-08-13 22:17:00,229,82,10
344,1267583,2022-07-29 16:50:00,229,15,10
345,1267616,2022-07-02 19:43:00,181,61,12
346,1267711,2022-10-28 03:07:00,217,20,11
347,1267726,2022-07-02 10:04:00,229,38,11
348,1267853,2022-03-19 03:16:00,181,34,11
349,1267961,2022-07-26 11:50:00,217,31,12
350,1267999,2022-10-24 06:50:00,229,99,6
351,1268008,2022-09-23 17:56:00,229,18,14
352,1268123,2022-07-21 14:07:00,217,8,10
353,1268132,2022-02-23 15:54:00,229,90,10
354,1268340,2022-06-02 22:11:00,217,37,12
355,1268368,2022-03-07 07:50:00,229,54,13
356,1268548,2022-02-05 12:14:00,217,64,9
357,1268647,2022-11-09 10:46:00,229,97,6
358,1269044,2022-11-22 04:32:00,217,35,7
359,1269052,2022-02-15 09:58:00,229,55,9
360,1269114,2022-11-11 17:05:00,229,51,11
361,1269146,2022-06-02 07:50:00,217,3,14
362,1269273,2022-05-31 03:10:00,217,59,11
363,1269482,2022-06-03 12:11:00,181,40,11
364,1269632,2022-11-28 14:52:00,217,66,13
365,1269676,2022-09-07 05:51:00,181,22,4
366,1269809,2022-02-14 09:11:00,181,71,7
367,1269988,2022-03-31 03:58:00,229,8,15
368,1270009,2022-02-11 13:31:00,229,38,3
369,1270020,2022-11-19 15:35:00,217,8,14
370,1270143,2022-01-02 09:59:00,217,55,13
371,1270258,2022-07-02 13:22:00,229,35,7
372,1270504,2022-09-17 04:13:00,181,73,15
373,1270729,2022-06-06 06:19:00,217,35,10
374,1270745,2022-09-01 10:22:00,181,96,11
375,1270847,2022-10-22 19:23:00,229,45,17
376,1270901,2022-09-11 08:09:00,229,37,5
377,1270935,2022-10-23 19:37:00,229,91,8
378,1271035,2022-03-28 07:22:00,217,84,12
379,1271045,2022-06-29 15:15:00,229,48,11
380,1271139,2022-04-07 14:31:00,217,19,9
381,1271195,2022-08-08 18:28:00,217,79,9
382,1271231,2022-04-16 19:55:00,181,49,10
383,1271326,2022-12-03 08:19:00,229,1,12
384,1271334,2022-08-23 22:15:00,217,39,12
385,1271409,2022-05-18 10:50:00,181,36,9
386,1271433,2022-06-09 11:03:00,229,39,11
387,1271608,2022-07-11 07:10:00,181,65,12
388,1271688,2022-01-28 06:55:00,229,81,11
389,1271717,2022-07-10 04:24:00,181,65,10
390,1271822,2022-01-21 08:01:00,229,31,11
391,1271899,2022-08-04 23:17:00,181,18,11
392,1272146,2022-10-30 05:43:00,181,36,8
393,1272231,2022-08-14 08:33:00,181,31,11
394,1272365,2022-10-30 00:36:00,229,56,11
395,1272416,2022-09-19 06:02:00,229,74,11
396,1272428,2022-08-15 20:40:00,181,23,11
397,1272622,2022-07-25 15:34:00,217,24,8
398,1272710,2022-11-20 14:31:00,181,96,14
399,1272831,2022-02-13 05:58:00,181,53,8
400,1272872,2022-05-04 05:50:00,181,48,8
401,1272907,2022-01-13 12:15:00,217,70,7
402,1272926,2022-11-19 01:38:00,181,35,9
403,1272928,2022-03-19 07:35:00,217,55,8
404,1272939,2022-01-07 22:01:00,181,72,10
405,1273068,2022-03-18 15:32:00,229,29,8
406,1273212,2022-09-08 18:01:00,181,4,8
407,1273224,2022-08-25 13:34:00,217,90,10
408,1273322,2022-04-03 04:50:00,181,62,10
409,1273355,2022-09-14 11:46:00,181,38,12
410,1273544,2022-05-26 23:17:00,229,88,9
411,1273692,2022-11-24 21:58:00,217,94,13
412,1273753,2022-09-02 02:14:00,229,71,14
413,1273952,2022-07-24 14:33:00,229,80,10
414,1273983,2022-10-26 21:33:00,217,65,8
415,1274073,2022-05-10 20:58:00,181,9,12
416,1274098,2022-07-15 05:02:00,181,6,14
417,1274212,2022-09-10 08:33:00,181,71,11
418,1274264,2022-08-26 13:35:00,181,88,10
419,1274271,2022-11-05 12:55:00,181,52,10
420,1274299,2022-10-23 00:40:00,181,30,10
421,1274415,2022-04-25 16:31:00,181,40,10
422,1274534,2022-03-13 01:39:00,181,94,10
423,1274616,2022-10-08 09:50:00,181,83,9
424,1274647,2022-08-04 05:31:00,229,51,6
425,1274655,2022-09-01 04:24:00,229,74,6
426,1274756,2022-04-04 12:41:00,217,28,11
427,1274841,2022-12-05 05:02:00,217,24,9
428,1274962,2022-08-23 20:54:00,229,89,10
429,1275153,2022-08-31 04:22:00,229,32,9
430,1275176,2022-03-04 17:12:00,217,64,3
431,1275225,2022-03-03 01:18:00,229,99,8
432,1275431,2022-05-16 22:16:00,229,34,13
433,1275437,2022-04-28 08:28:00,229,98,11
434,1275508,2022-09-18 10:09:00,217,42,9
435,1275588,2022-05-23 17:58:00,217,6,10
436,1275751,2022-04-16 14:20:00,229,65,9
437,1275815,2022-03-13 05:33:00,181,74,10
438,1275843,2022-10-31 11:27:00,229,56,10
439,1275940,2022-04-29 16:10:00,229,12,8
440,1276055,2022-06-15 09:43:00,217,15,9
441,1276139,2022-05-23 01:26:00,181,62,10
442,1276146,2022-07-20 20:25:00,181,7,7
443,1276148,2022-08-17 21:28:00,181,4,12
444,1276233,2022-02-27 16:46:00,181,41,8
445,1276391,2022-09-13 22:28:00,217,84,7
446,1276396,2022-09-19 07:10:00,217,93,7
447,1276400,2022-03-18 20:14:00,229,5,13
448,1276423,2022-10-16 04:05:00,217,15,9
449,1276506,2022-10-23 09:09:00,229,89,17
450,1276509,2022-02-07 07:58:00,217,26,11
451,1276542,2022-03-30 07:04:00,181,82,13
452,1276598,2022-10-26 01:44:00,229,86,10
453,1276758,2022-11-24 08:46:00,217,16,10
454,1276762,2022-04-21 09:22:00,217,49,7
455,1276764,2022-06-02 12:08:00,181,10,14
456,1276899,2022-05-09 17:15:00,229,23,4
457,1277213,2022-09-09 08:01:00,181,77,8
458,1277237,2022-11-13 19:04:00,229,37,6
459,1277251,2022-04-30 07:50:00,217,65,11
460,1277273,2022-12-02 01:03:00,217,54,10
461,1277329,2022-11-24 01:13:00,229,72,12
462,1277556,2022-06-18 22:45:00,217,93,7
463,1277604,2022-03-06 05:02:00,229,88,12
464,1277626,2022-04-25 06:14:00,229,65,5
465,1277671,2022-03-26 06:25:00,181,12,13
466,1277736,2022-07-03 01:56:00,181,61,7
467,1277794,2022-03-23 01:37:00,229,77,10
468,1277830,2022-09-26 19:45:00,217,65,14
469,1277837,2022-10-02 07:10:00,181,30,10
470,1277853,2022-10-27 18:47:00,181,28,4
471,1278054,2022-09-18 23:35:00,217,12,10
472,1278426,2022-11-25 12:19:00,229,55,15
473,1278447,2022-03-03 08:29:00,181,6,11
474,1278547,2022-11-07 20:47:00,217,13,19
475,1278665,2022-08-09 10:25:00,217,80,13
476,1278699,2022-02-23 04:48:00,217,56,12
477,1278753,2022-08-16 22:21:00,217,51,7
478,1278777,2022-02-26 11:31:00,181,66,6
479,1278833,2022-07-31 09:30:00,217,37,12
480,1278876,2022-01-24 22:59:00,181,77,15
481,1278902,2022-01-14 11:24:00,217,98,12
482,1278905,2022-07-17 22:30:00,217,33,13
483,1278926,2022-05-06 08:41:00,229,23,10
484,1279052,2022-02-14 17:26:00,217,50,7
485,1279101,2022-01-21 06:50:00,229,35,13
486,1279129,2022-07-31 18:11:00,181,20,7
487,1279188,2022-06-30 11:52:00,181,10,7
488,1279242,2022-04-15 20:07:00,217,25,8
489,1279375,2022-02-24 20:47:00,181,10,9
490,1279434,2022-09-22 20:15:00,181,11,7
491,1279438,2022-06-23 06:16:00,181,66,5
492,1279531,2022-01-11 23:51:00,181,28,8
493,1279935,2022-06-01 10:06:00,229,1,6
494,1279960,2022-01-23 08:27:00,229,7,12
495,1280087,2022-08-29 06:09:00,217,4,9
496,1280218,2022-11-03 17:47:00,229,10,10
497,1280233,2022-05-09 12:53:00,229,62,12
498,1280261,2022-09-07 15:58:00,181,77,14
499,1280322,2022-11-17 21:38:00,217,60,7
500,1280583,2022-01-04 15:40:00,181,60,9
501,1280801,2022-10-15 06:34:00,229,6,10
502,1280825,2022-04-21 03:48:00,217,76,6
503,1280830,2022-09-17 17:53:00,229,2,6
504,1280847,2022-10-04 03:14:00,217,38,9
505,1281035,2022-05-16 09:07:00,217,43,10
506,1281047,2022-07-31 15:47:00,217,24,9
507,1281231,2022-10-21 22:28:00,229,86,21
508,1281378,2022-05-19 07:12:00,181,23,13
509,1281454,2022-07-25 07:24:00,181,49,11
510,1281609,2022-07-13 22:53:00,229,68,10
511,1281647,2022-08-08 23:11:00,181,7,8
512,1281654,2022-12-05 17:47:00,181,79,15
513,1281693,2022-02-13 19:53:00,217,31,12
514,1281772,2022-01-10 05:29:00,229,40,9
515,1282044,2022-06-14 10:53:00,217,86,12
516,1282048,2022-05-18 13:39:00,181,49,6
517,1282135,2022-11-29 17:48:00,229,71,15
518,1282157,2022-05-04 03:58:00,229,69,10
519,1282382,2022-06-06 22:45:00,217,64,4
520,1282440,2022-07-18 11:45:00,217,11,10
521,1282648,2022-11-25 09:40:00,181,34,10
522,1282756,2022-10-10 02:58:00,181,5,13
523,1282865,2022-05-30 12:09:00,181,8,8
524,1282883,2022-09-18 05:38:00,229,46,10
525,1282900,2022-03-07 15:40:00,217,33,9
526,1282909,2022-01-02 23:27:00,217,32,13
527,1283039,2022-05-28 18:07:00,229,70,10
528,1283189,2022-09-26 05:04:00,181,30,8
529,1283326,2022-09-02 10:28:00,181,38,7
530,1283401,2022-02-16 16:13:00,181,24,5
531,1283518,2022-07-08 04:12:00,229,4,13
532,1283582,2022-01-23 12:38:00,181,57,14
533,1283592,2022-01-26 05:38:00,217,33,5
534,1283618,2022-11-07 04:07:00,217,10,5
535,1283631,2022-01-02 04:00:00,229,11,12
536,1283785,2022-01-07 13:24:00,181,35,12
537,1283848,2022-04-24 08:21:00,217,94,17
538,1283855,2022-09-23 07:58:00,181,61,11
539,1283953,2022-01-24 11:24:00,181,72,12
540,1283973,2022-08-05 05:18:00,181,40,14
541,1283974,2022-04-08 08:28:00,217,43,6
542,1284025,2022-11-09 00:12:00,181,82,8
543,1284063,2022-05-23 01:44:00,181,70,12
544,1284317,2022-12-01 02:24:00,217,47,6
545,1284601,2022-05-21 16:39:00,181,44,10
546,1284667,2022-05-29 12:25:00,229,28,8
547,1284783,2022-09-29 07:10:00,229,43,7
548,1284812,2022-01-29 12:14:00,181,92,4
549,1285100,2022-06-24 10:46:00,217,65,7
550,1285119,2022-10-23 08:26:00,229,51,12
551,1285296,2022-05-25 18:58:00,181,56,5
552,1285318,2022-04-07 17:37:00,217,14,10
553,1285363,2022-03-16 11:41:00,181,25,11
554,1285399,2022-08-21 21:27:00,217,89,13
555,1285518,2022-09-02 05:12:00,181,5,6
556,1285521,2022-10-15 07:15:00,181,51,9
557,1285579,2022-07-31 13:20:00,181,80,8
558,1285592,2022-09-04 20:06:00,229,81,4
559,1285616,2022-04-09 09:46:00,229,95,12
560,1285718,2022-06-14 00:54:00,217,20,15
561,1285753,2022-06-14 06:40:00,217,85,16
562,1285868,2022-04-15 04:10:00,181,39,11
563,1285901,2022-03-26 07:23:00,217,17,7
564,1285933,2022-01-17 05:35:00,229,29,9
565,1286352,2022-01-14 22:33:00,217,18,7
566,1286360,2022-02-06 23:05:00,217,76,12
567,1286392,2022-02-16 05:16:00,229,19,8
568,1286395,2022-05-27 18:23:00,229,65,11
569,1286476,2022-06-17 13:07:00,229,70,12
570,1286539,2022-04-01 00:23:00,217,52,14
571,1286570,2022-02-19 20:38:00,181,71,4
572,1286671,2022-11-03 01:19:00,229,55,7
573,1286737,2022-05-18 08:23:00,229,9,7
574,1286759,2022-06-08 15:43:00,181,32,8
575,1286792,2022-03-16 12:35:00,217,9,5
576,1286824,2022-10-29 11:35:00,181,65,14
577,1286847,2022-07-18 20:07:00,217,38,16
578,1286910,2022-05-03 15:55:00,217,80,9
579,1287106,2022-09-25 14:20:00,229,69,14
580,1287169,2022-08-08 07:53:00,181,34,10
581,1287382,2022-07-26 06:01:00,217,85,7
582,1287413,2022-05-07 12:41:00,229,20,10
583,1287481,2022-04-21 17:03:00,181,51,13
584,1287556,2022-01-04 13:26:00,217,24,7
585,1287952,2022-10-23 16:37:00,229,8,8
586,1287997,2022-03-21 12:16:00,229,71,14
587,1288096,2022-09-28 08:17:00,229,14,12
588,1288106,2022-11-17 00:15:00,181,39,12
589,1288144,2022-09-14 06:13:00,229,75,9
590,1288239,2022-04-26 11:13:00,217,83,13
591,1288272,2022-03-16 07:51:00,181,82,7
592,1288325,2022-09-03 05:12:00,217,95,4
593,1288368,2022-02-09 12:19:00,229,71,10
594,1288562,2022-11-09 06:45:00,181,72,16
595,1288574,2022-04-15 11:01:00,229,85,10
596,1288651,2022-10-09 16:58:00,217,31,8
597,1288675,2022-01-23 22:57:00,217,75,9
598,1288714,2022-08-31 18:42:00,181,63,4
599,1288948,2022-05-01 19:49:00,181,12,7
600,1289034,2022-04-14 05:55:00,229,51,14
601,1289119,2022-12-02 23:53:00,181,22,10
602,1289304,2022-11-07 20:05:00,181,42,9
603,1289307,2022-09-23 17:57:00,229,3,11
604,1289385,2022-07-06 17:13:00,181,61,8
605,1289452,2022-02-22 02:00:00,229,77,11
606,1289683,2022-03-21 10:37:00,217,55,9
607,1289823,2022-06-14 20:36:00,229,50,12
608,1289860,2022-10-08 07:24:00,217,1,8
609,1289867,2022-06-04 18:42:00,229,27,10
610,1289888,2022-04-22 22:21:00,181,49,17
611,1289903,2022-08-26 00:05:00,181,40,11
612,1289904,2022-04-03 15:42:00,181,48,8
613,1289937,2022-07-09 10:32:00,229,23,9
614,1290031,2022-01-06 22:31:00,181,33,15
615,1290089,2022-02-11 18:49:00,217,80,13
616,1290164,2022-11-16 01:54:00,181,25,6
617,1290337,2022-07-06 01:54:00,217,22,14
618,1290375,2022-08-06 10:06:00,181,68,6
619,1290661,2022-11-07 06:47:00,229,16,7
620,1290665,2022-10-17 19:59:00,229,93,7
621,1290981,2022-02-22 14:32:00,229,77,9
622,1290994,2022-01-23 22:21:00,217,43,16
623,1290998,2022-10-19 08:47:00,217,48,19
624,1291045,2022-10-08 04:59:00,229,52,11
625,1291057,2022-10-28 17:40:00,217,40,11
626,1291159,2022-05-11 09:42:00,229,71,8
627,1291164,2022-05-26 16:45:00,181,14,10
628,1291220,2022-10-19 18:42:00,229,48,10
629,1291232,2022-10-16 00:54:00,217,38,5
630,1291374,2022-10-15 14:24:00,229,19,9
631,1291437,2022-07-24 15:31:00,217,45,8
632,1291533,2022-06-16 22:07:00,229,31,15
633,1291539,2022-10-08 04:47:00,229,75,7
634,1291872,2022-04-09 02:54:00,181,74,12
635,1291929,2022-11-28 22:54:00,217,3,7
636,1292041,2022-08-11 22:49:00,217,94,7
637,1292058,2022-07-15 19:47:00,229,13,4
638,1292284,2022-05-22 06:09:00,217,64,8
639,1292302,2022-08-28 12:12:00,217,64,12
640,1292380,2022-10-17 14:36:00,229,80,15
641,1292493,2022-10-07 17:09:00,181,15,8
642,1292585,2022-08-30 08:04:00,181,74,8
643,1292644,2022-11-29 07:43:00,181,35,10
644,1292816,2022-09-30 13:20:00,217,5,6
645,1292849,2022-09-28 15:08:00,217,24,4
646,1292901,2022-09-20 09:37:00,217,78,11
647,1292954,2022-06-27 07:16:00,181,68,13
648,1292989,2022-10-28 06:46:00,217,14,16
649,1293009,2022-11-10 03:25:00,217,62,7
650,1293370,2022-06-02 08:57:00,217,59,11
651,1293383,2022-03-22 12:24:00,217,80,8
652,1293442,2022-08-25 22:33:00,217,27,9
653,1293472,2022-07-03 22:15:00,181,31,10
654,1293498,2022-03-28 18:10:00,229,54,8
655,1293519,2022-11-13 17:21:00,181,26,12
656,1293653,2022-09-04 10:39:00,217,89,11
657,1293736,2022-06-24 22:59:00,181,18,7
658,1293868,2022-01-13 03:23:00,181,20,12
659,1293908,2022-01-16 10:44:00,229,57,9
660,1293933,2022-05-17 16:44:00,181,86,10
661,1293995,2022-11-05 11:35:00,217,67,6
662,1294081,2022-11-22 01:24:00,229,80,11
663,1294107,2022-07-08 06:03:00,217,14,9
664,1294176,2022-11-19 00:19:00,229,55,8
665,1294443,2022-11-24 21:12:00,229,66,9
666,1294445,2022-03-23 13:02:00,217,32,10
667,1294568,2022-03-10 21:54:00,181,36,9
668,1294625,2022-07-21 16:31:00,217,78,14
669,1294669,2022-10-16 10:24:00,229,94,6
670,1294879,2022-08-26 11:22:00,181,44,10
671,1294911,2022-05-13 04:44:00,217,9,13
672,1295133,2022-09-13 20:39:00,217,11,10
673,1295215,2022-12-02 06:39:00,217,47,9
674,1295297,2022-10-07 10:55:00,181,71,7
675,1295350,2022-10-18 07:39:00,229,48,3
676,1295379,2022-12-08 11:53:00,229,76,13
677,1295471,2022-06-21 12:29:00,181,25,11
678,1295523,2022-10-27 02:08:00,181,36,11
679,1295547,2022-06-06 01:29:00,229,11,13
680,1295567,2022-08-10 20:43:00,229,52,13
681,1295585,2022-02-08 18:44:00,181,78,9
682,1295628,2022-12-01 13:22:00,181,51,5
683,1295643,2022-09-22 14:44:00,217,98,11
684,1295648,2022-04-23 13:51:00,217,49,9
685,1295740,2022-08-31 01:56:00,229,90,7
686,1295774,2022-05-20 07:06:00,181,37,10
687,1295825,2022-02-07 16:25:00,229,20,13
688,1295858,2022-04-17 13:33:00,181,51,6
689,1295896,2022-07-03 09:54:00,229,13,12
690,1296060,2022-09-10 00:04:00,217,89,7
691,1296157,2022-07-25 14:30:00,217,27,16
692,1296180,2022-11-30 13:09:00,181,94,12
693,1296181,2022-04-02 18:24:00,229,19,10
694,1296190,2022-06-17 04:45:00,181,92,12
695,1296279,2022-06-21 07:25:00,217,24,9
696,1296520,2022-05-26 00:53:00,181,68,10
697,1296526,2022-09-20 20:56:00,229,53,9
698,1296680,2022-08-17 11:35:00,217,44,7
699,1296721,2022-01-27 22:52:00,181,8,9
700,1296743,2022-07-30 22:23:00,217,27,7
701,1296759,2022-12-03 20:00:00,181,78,6
702,1296915,2022-11-11 17:47:00,229,94,13
703,1297048,2022-02-10 07:51:00,229,81,9
704,1297082,2022-01-23 04:57:00,229,34,8
705,1297087,2022-06-17 10:38:00,229,9,6
706,1297179,2022-10-02 17:42:00,181,19,5
707,1297219,2022-03-07 00:42:00,217,14,8
708,1297312,2022-02-23 07:57:00,229,58,11
709,1297399,2022-04-26 17:42:00,229,67,17
710,1297490,2022-11-04 18:13:00,229,99,14
711,1297542,2022-08-26 11:11:00,229,81,11
712,1297578,2022-03-18 07:03:00,181,97,13
713,1297588,2022-11-20 04:40:00,229,23,12
714,1297652,2022-03-28 07:05:00,217,17,13
715,1297681,2022-11-29 06:10:00,181,1,10
716,1297695,2022-12-03 08:52:00,181,18,6
717,1297803,2022-06-05 14:07:00,217,38,8
718,1297831,2022-06-26 10:22:00,229,67,10
719,1297874,2022-08-27 15:35:00,229,5,9
720,1297918,2022-06-19 14:18:00,217,87,9
721,1297941,2022-08-14 11:46:00,217,74,8
722,1298071,2022-09-18 11:42:00,181,46,14
723,1298143,2022-01-23 22:52:00,181,4,10
724,1298298,2022-08-07 09:14:00,229,74,7
725,1298375,2022-08-18 18:49:00,229,37,10
726,1298382,2022-04-24 16:28:00,217,22,10
727,1298459,2022-06-20 08:19:00,229,31,10
728,1298480,2022-12-01 03:45:00,217,62,6
729,1298600,2022-08-08 13:09:00,229,31,8
730,1298655,2022-11-11 08:00:00,217,15,17
731,1298903,2022-10-05 14:50:00,229,69,11
732,1298923,2022-11-06 21:46:00,229,14,5
733,1299064,2022-02-14 17:18:00,181,22,14
734,1299111,2022-03-05 00:36:00,229,17,11
735,1299223,2022-08-09 01:37:00,181,84,15
736,1299371,2022-10-10 07:39:00,229,71,6
737,1299645,2022-02-06 14:37:00,217,30,9
738,1299678,2022-08-09 15:51:00,181,24,9
739,1299707,2022-04-10 05:35:00,181,83,5
740,1299808,2022-07-07 19:38:00,229,60,8
741,1299918,2022-07-30 12:20:00,217,96,9
742,1299935,2022-02-10 08:19:00,229,11,8
743,1299966,2022-02-21 07:36:00,217,47,13
744,1299994,2022-09-19 19:16:00,229,66,14
745,1300025,2022-05-11 20:17:00,229,64,12
746,1300156,2022-03-07 03:10:00,229,62,5
747,1300184,2022-08-13 18:04:00,229,64,15
748,1300247,2022-02-26 00:22:00,181,34,13
749,1300471,2022-05-01 18:33:00,181,11,10
750,1300486,2022-07-04 18:36:00,181,97,14
751,1300532,2022-03-21 01:52:00,181,54,6
752,1300720,2022-07-10 14:56:00,181,3,14
753,1300755,2022-06-16 04:52:00,181,57,10
754,1300779,2022-04-10 07:51:00,181,46,8
755,1300799,2022-10-21 18:11:00,181,88,8
756,1300817,2022-07-22 23:42:00,181,8,7
757,1300879,2022-06-02 10:19:00,229,82,11
758,1300885,2022-03-10 16:17:00,229,41,5
759,1301042,2022-05-29 20:32:00,181,51,6
760,1301139,2022-07-08 20:20:00,217,58,6
761,1301226,2022-01-24 18:56:00,181,88,12
762,1301269,2022-08-29 13:07:00,181,77,10
763,1301900,2022-09-27 09:17:00,217,78,10
764,1301967,2022-09-05 23:36:00,229,30,7
765,1302014,2022-02-15 18:58:00,217,67,10
766,1302102,2022-10-09 09:50:00,229,60,8
767,1302353,2022-12-11 22:35:00,181,19,14
768,1302401,2022-07-21 20:23:00,181,80,5
769,1302432,2022-12-03 11:21:00,181,58,8
770,1302499,2022-07-04 04:40:00,181,94,9
771,1302560,2022-10-30 15:58:00,217,42,6
772,1302561,2022-07-11 11:59:00,229,4,13
773,1302582,2022-03-31 22:10:00,229,95,9
774,1302633,2022-07-23 20:01:00,229,35,13
775,1302668,2022-03-17 07:02:00,217,93,7
776,1302774,2022-08-15 07:23:00,217,97,15
777,1302813,2022-05-16 01:20:00,217,61,15
778,1302835,2022-01-27 18:40:00,217,92,11
779,1302932,2022-07-09 05:21:00,217,66,13
780,1302944,2022-05-25 09:52:00,229,92,6
781,1303151,2022-02-16 22:42:00,181,70,9
782,1303321,2022-09-01 08:10:00,229,40,9
783,1303349,2022-02-24 21:03:00,217,54,8
784,1303606,2022-11-19 20:02:00,181,67,8
785,1303616,2022-11-27 22:11:00,229,22,4
786,1303842,2022-06-19 01:16:00,217,24,10
787,1303885,2022-08-31 08:02:00,217,21,10
788,1303946,2022-07-09 11:23:00,181,39,4
789,1303962,2022-08-21 22:40:00,229,90,8
790,1303971,2022-04-27 23:19:00,217,5,15
791,1304075,2022-10-21 04:42:00,181,26,8
792,1304220,2022-11-10 14:35:00,217,65,10
793,1304285,2022-06-01 16:53:00,181,82,15
794,1304334,2022-12-01 03:54:00,229,46,14
795,1304549,2022-01-17 08:48:00,229,8,7
796,1304624,2022-01-25 13:41:00,181,63,4
797,1304757,2022-10-07 14:58:00,217,28,7
798,1304834,2022-10-20 05:10:00,229,88,9
799,1304870,2022-04-18 03:10:00,181,5,12
800,1304950,2022-10-17 19:30:00,229,6,11
801,1305011,2022-10-02 10:02:00,217,97,10
802,1305019,2022-09-23 00:07:00,181,42,13
803,1305061,2022-08-02 10:03:00,229,68,10
804,1305176,2022-07-06 11:15:00,229,13,6
805,1305256,2022-11-10 00:20:00,181,9,11
806,1305278,2022-04-01 18:23:00,217,54,12
807,1305323,2022-01-23 05:01:00,217,71,9
808,1305504,2022-11-28 13:28:00,181,62,15
809,1305561,2022-11-23 15:40:00,181,3,17
810,1305689,2022-06-24 09:01:00,217,95,5
811,1305757,2022-06-27 03:29:00,181,32,14
812,1305808,2022-09-25 06:55:00,229,37,3
813,1305810,2022-02-01 14:39:00,217,95,11
814,1305823,2022-05-21 12:36:00,181,43,12
815,1305867,2022-01-10 01:51:00,229,24,10
816,1305928,2022-03-26 08:21:00,217,78,11
817,1305988,2022-05-30 09:12:00,181,43,9
818,1306152,2022-04-24 04:42:00,229,74,7
819,1306224,2022-02-16 03:45:00,217,84,6
820,1306231,2022-03-08 14:01:00,217,95,5
821,1306269,2022-05-18 05:43:00,217,96,12
822,1306645,2022-06-06 08:31:00,229,14,13
823,1306736,2022-04-08 21:03:00,217,80,9
824,1306803,2022-04-23 22:58:00,217,47,10
825,1306922,2022-03-16 07:39:00,181,29,8
826,1306992,2022-04-07 15:41:00,181,70,10
827,1307086,2022-06-29 16:48:00,181,32,4
828,1307126,2022-07-22 10:04:00,181,62,7
829,1307163,2022-12-06 21:22:00,181,82,10
830,1307252,2022-10-07 01:31:00,217,62,15
831,1307348,2022-05-20 01:06:00,181,13,7
832,1307361,2022-05-08 02:14:00,217,54,7
833,1307412,2022-01-06 12:22:00,181,59,10
834,1307504,2022-05-06 14:20:00,181,86,11
835,1307589,2022-09-19 15:07:00,229,9,9
836,1307624,2022-09-13 11:58:00,217,25,13
837,1307846,2022-06-19 20:16:00,217,82,12
838,1307863,2022-08-21 23:39:00,181,22,4
839,1307873,2022-01-10 14:43:00,181,54,8
840,1307876,2022-01-13 18:38:00,217,16,7
841,1307910,2022-03-09 05:21:00,181,16,10
842,1308085,2022-07-08 09:57:00,217,19,7
843,1308156,2022-01-16 09:47:00,229,72,4
844,1308181,2022-12-05 07:59:00,217,46,11
845,1308201,2022-11-30 23:06:00,229,22,10
846,1308353,2022-10-29 04:13:00,229,87,11
847,1308519,2022-11-11 13:08:00,181,52,10
848,1308559,2022-11-26 10:14:00,229,67,5
849,1308569,2022-03-01 01:37:00,181,61,5
850,1308646,2022-10-23 00:30:00,181,88,6
851,1308779,2022-11-01 19:50:00,217,77,11
852,1308851,2022-11-03 01:21:00,217,97,10
853,1308901,2022-04-22 23:01:00,217,99,15
854,1308906,2022-05-23 09:30:00,217,33,6
855,1309041,2022-01-28 03:49:00,181,77,9
856,1309081,2022-10-24 01:29:00,181,42,7
857,1309114,2022-08-18 07:32:00,181,89,8
858,1309287,2022-06-17 19:20:00,217,61,10
859,1309330,2022-01-06 22:04:00,181,21,7
860,1309449,2022-01-28 07:00:00,217,25,10
861,1309485,2022-08-10 20:03:00,229,48,6
862,1309589,2022-02-08 20:34:00,217,79,14
863,1309710,2022-06-28 19:19:00,217,66,9
864,1309724,2022-08-25 06:30:00,181,6,12
865,1309809,2022-01-18 00:19:00,217,72,7
866,1309913,2022-09-11 17:50:00,217,8,11
867,1309932,2022-11-18 13:00:00,217,61,6
868,1310028,2022-05-08 00:55:00,229,2,12
869,1310103,2022-11-06 02:48:00,181,60,12
870,1310114,2022-09-02 18:17:00,217,35,10
871,1310218,2022-07-24 18:26:00,217,14,8
872,1310228,2022-06-08 18:02:00,181,3,7
873,1310513,2022-08-21 09:54:00,181,4,9
874,1310572,2022-11-16 17:06:00,229,75,6
875,1310694,2022-03-23 07:26:00,229,32,9
876,1310737,2022-02-08 19:59:00,229,83,9
877,1310879,2022-02-21 18:05:00,181,98,21
878,1310922,2022-08-01 12:18:00,217,82,15
879,1310933,2022-10-28 03:59:00,217,85,11
880,1310987,2022-07-22 01:42:00,217,68,10
881,1311015,2022-06-02 09:27:00,229,24,12
882,1311128,2022-03-01 09:56:00,229,75,10
883,1311165,2022-11-28 13:02:00,181,27,4
884,1311180,2022-03-02 21:16:00,217,75,12
885,1311226,2022-01-09 21:20:00,217,23,11
886,1311297,2022-03-21 20:38:00,181,76,10
887,1311433,2022-10-07 14:49:00,181,80,14
888,1311523,2022-09-30 20:30:00,217,55,13
889,1311537,2022-09-30 10:39:00,181,36,11
890,1311644,2022-07-08 23:04:00,181,66,9
891,1311842,2022-06-17 02:41:00,229,61,10
892,1311903,2022-03-03 05:24:00,229,84,6
893,1311981,2022-09-03 14:41:00,217,79,10
894,1312053,2022-03-16 20:11:00,181,27,11
895,1312060,2022-01-14 04:12:00,181,2,9
896,1312125,2022-10-17 08:10:00,181,92,12
897,1312289,2022-06-20 22:03:00,217,20,6
898,1312366,2022-01-14 16:16:00,229,6,9
899,1312471,2022-07-10 13:26:00,229,30,8
900,1312517,2022-10-15 12:16:00,217,93,8
901,1312615,2022-08-28 12:16:00,217,65,10
902,1312692,2022-07-16 16:21:00,217,99,6
903,1312963,2022-04-29 23:27:00,229,95,14
904,1313044,2022-11-16 23:39:00,181,72,9
905,1313121,2022-06-29 16:59:00,217,6,12
906,1313141,2022-01-01 17:59:00,229,47,6
907,1313221,2022-01-14 18:51:00,181,38,14
908,1313251,2022-11-13 08:51:00,181,93,2
909,1313294,2022-01-06 21:30:00,217,55,14
910,1313316,2022-11-17 22:10:00,229,1,8
911,1313335,2022-08-24 05:56:00,229,2,8
912,1313424,2022-02-08 09:40:00,217,84,11
913,1313425,2022-08-25 15:29:00,229,87,13
914,1313440,2022-11-23 14:49:00,217,51,9
915,1313597,2022-03-05 20:35:00,217,19,9
916,1313859,2022-03-04 15:45:00,229,38,14
917,1314001,2022-05-29 03:19:00,217,94,5
918,1314022,2022-07-22 17:36:00,229,69,14
919,1314097,2022-03-10 23:37:00,229,67,12
920,1314242,2022-06-06 00:06:00,181,98,12
921,1314289,2022-03-04 20:21:00,181,37,9
922,1314364,2022-11-21 14:45:00,217,54,9
923,1314459,2022-02-24 11:15:00,217,66,7
924,1314660,2022-08-17 00:12:00,217,66,12
925,1314712,2022-07-10 19:41:00,181,71,11
926,1314934,2022-09-07 20:35:00,229,37,8
927,1315088,2022-03-15 07:57:00,181,50,11
928,1315100,2022-02-07 01:22:00,217,42,8
929,1315215,2022-07-26 00:13:00,181,84,12
930,1315222,2022-07-01 02:33:00,229,18,14
931,1315281,2022-04-19 01:48:00,229,68,9
932,1315444,2022-02-25 02:13:00,229,96,10
933,1315594,2022-08-04 10:17:00,229,65,7
934,1315847,2022-10-09 07:19:00,217,37,8
935,1315975,2022-02-04 21:09:00,229,54,8
936,1315994,2022-02-17 10:39:00,229,57,13
937,1316141,2022-08-23 14:28:00,181,7,15
938,1316143,2022-03-11 22:22:00,217,60,10
939,1316168,2022-11-16 08:06:00,181,76,9
940,1316448,2022-12-08 07:32:00,229,90,9
941,1316554,2022-02-26 19:55:00,217,56,9
942,1316656,2022-01-11 17:42:00,217,90,12
943,1316663,2022-12-11 05:38:00,229,36,6
944,1316682,2022-07-04 10:35:00,229,26,8
945,1316689,2022-08-31 13:30:00,229,44,7
946,1316774,2022-08-19 21:54:00,181,85,3
947,1316852,2022-05-01 21:27:00,229,30,14
948,1316861,2022-05-29 03:56:00,181,13,9
949,1316914,2022-01-03 09:14:00,229,47,11
950,1317168,2022-05-24 15:15:00,229,23,11
951,1317174,2022-04-07 01:51:00,217,47,15
952,1317294,2022-09-17 12:44:00,181,63,11
953,1317402,2022-08-31 11:49:00,181,3,9
954,1317419,2022-10-01 19:00:00,217,83,11
955,1317444,2022-03-01 06:24:00,217,73,9
956,1317525,2022-08-06 04:17:00,229,4,15
957,1317660,2022-05-19 20:39:00,217,54,10
958,1317840,2022-05-31 21:25:00,229,36,12
959,1317949,2022-10-20 12:33:00,181,41,9
960,1317980,2022-06-28 23:07:00,229,66,8
961,1318108,2022-09-05 05:25:00,229,91,17
962,1318139,2022-02-01 09:14:00,181,91,18
963,1318144,2022-11-18 04:50:00,229,65,12
964,1318237,2022-03-30 22:16:00,181,46,17
965,1318258,2022-09-20 06:42:00,229,15,14
966,1318571,2022-03-26 09:57:00,229,67,5
967,1318649,2022-06-07 19:18:00,181,72,18
968,1319164,2022-09-08 13:38:00,229,5,10
969,1319199,2022-11-15 18:09:00,217,82,12
970,1319367,2022-05-26 15:23:00,217,22,12
971,1319382,2022-09-23 20:57:00,229,91,7
972,1319389,2022-02-21 19:54:00,181,15,10
973,1319516,2022-04-13 22:37:00,217,42,10
974,1319860,2022-10-08 20:26:00,229,35,9
975,1320028,2022-05-23 21:46:00,181,68,5
976,1320157,2022-08-14 19:28:00,229,52,8
977,1320165,2022-02-08 22:41:00,229,96,4
978,1320266,2022-06-14 12:40:00,181,88,13
979,1320385,2022-08-08 06:11:00,217,24,10
980,1320464,2022-01-21 04:32:00,217,78,12
981,1320592,2022-08-15 21:12:00,217,39,13
982,1320725,2022-01-02 19:05:00,229,10,10
983,1320952,2022-06-28 02:33:00,217,2,11
984,1320995,2022-01-20 01:46:00,181,44,10
985,1321055,2022-09-20 01:10:00,181,60,7
986,1321185,2022-09-29 08:48:00,181,29,6
987,1321193,2022-01-19 02:45:00,229,55,7
988,1321486,2022-12-04 05:05:00,181,11,10
989,1321491,2022-01-15 11:40:00,181,15,6
990,1321531,2022-07-30 17:01:00,181,45,11
991,1321789,2022-04-30 00:56:00,181,56,10
992,1321863,2022-02-15 10:56:00,229,75,6
993,1321881,2022-05-23 23:34:00,217,25,13
994,1321962,2022-06-15 03:15:00,181,32,7
995,1322026,2022-05-24 17:28:00,217,99,9
996,1322061,2022-11-26 07:20:00,217,53,15
997,1322076,2022-01-05 08:27:00,181,67,9
998,1322078,2022-01-04 09:03:00,217,26,10
999,1322205,2022-08-09 04:56:00,217,63,14
1000,1322292,2022-04-02 04:54:00,217,41,8
1001,1322493,2022-10-23 00:50:00,217,54,8
1002,1322547,2022-09-18 00:33:00,217,71,11
1003,1322646,2022-10-03 07:07:00,181,9,7
1004,1322718,2022-07-02 17:54:00,229,85,5
1005,1322760,2022-09-29 02:30:00,217,32,10
1006,1322943,2022-07-28 22:29:00,181,67,8
1007,1323050,2022-08-23 14:09:00,181,43,7
1008,1323060,2022-11-02 06:02:00,217,51,9
1009,1323151,2022-08-28 08:12:00,229,83,10
1010,1323187,2022-08-30 20:22:00,217,68,16
1011,1323232,2022-05-28 07:16:00,229,46,12
1012,1323272,2022-05-07 01:03:00,229,9,8
1013,1323274,2022-08-13 13:50:00,217,88,10
1014,1323304,2022-09-29 11:21:00,217,30,8
1015,1323332,2022-10-30 11:40:00,181,85,9
1016,1323417,2022-06-02 13:34:00,229,38,10
1017,1323439,2022-08-26 01:40:00,181,42,11
1018,1323558,2022-02-04 14:02:00,217,58,12
1019,1323808,2022-09-08 00:56:00,217,43,14
1020,1323844,2022-01-06 09:26:00,181,60,11
1021,1323867,2022-03-09 12:54:00,217,45,10
1022,1323978,2022-11-02 15:06:00,217,26,17
1023,1324173,2022-02-03 20:44:00,181,58,9
1024,1324177,2022-07-03 18:05:00,229,69,8
1025,1324263,2022-03-14 03:12:00,181,65,11
1026,1324473,2022-06-11 07:38:00,217,35,15
1027,1324551,2022-07-04 05:50:00,229,25,9
1028,1324601,2022-11-22 02:32:00,217,1,12
1029,1324881,2022-05-30 08:07:00,181,58,7
1030,1325027,2022-06-30 09:37:00,217,19,15
1031,1325165,2022-09-22 19:15:00,217,52,8
1032,1325650,2022-03-22 16:46:00,229,84,10
1033,1325705,2022-09-23 01:26:00,217,32,15
1034,1325709,2022-06-30 11:04:00,229,29,10
1035,1325877,2022-10-16 15:08:00,181,48,9
1036,1325964,2022-09-09 08:49:00,229,50,8
1037,1325996,2022-10-23 13:42:00,229,95,9
1038,1326198,2022-06-11 15:34:00,229,75,9
1039,1326406,2022-08-09 07:40:00,217,25,11
1040,1326426,2022-09-17 18:30:00,229,75,12
1041,1326574,2022-06-19 02:59:00,217,40,15
1042,1326830,2022-03-15 22:11:00,217,16,6
1043,1326997,2022-05-05 14:12:00,181,84,10
1044,1327002,2022-07-04 12:33:00,229,81,14
1045,1327014,2022-01-03 22:59:00,217,41,6
1046,1327082,2022-08-28 22:26:00,181,55,14
1047,1327155,2022-04-02 09:52:00,229,68,9
1048,1327232,2022-07-15 19:44:00,217,28,5
1049,1327341,2022-01-21 12:10:00,229,42,14
1050,1327358,2022-07-31 08:17:00,217,33,14
1051,1327392,2022-10-21 01:06:00,229,76,8
1052,1327623,2022-10-04 18:25:00,217,81,9
1053,1327652,2022-03-19 06:44:00,181,60,14
1054,1327667,2022-02-17 02:25:00,181,87,16
1055,1327740,2022-12-06 15:25:00,229,1,5
1056,1327825,2022-04-17 09:51:00,217,73,11
1057,1328229,2022-11-11 02:56:00,217,12,8
1058,1328334,2022-07-20 21:09:00,181,96,16
1059,1328386,2022-06-09 19:36:00,229,67,10
1060,1328471,2022-06-22 20:50:00,229,24,6
1061,1328540,2022-01-14 20:46:00,229,55,9
1062,1328830,2022-09-22 14:58:00,229,93,9
1063,1328889,2022-02-03 10:25:00,217,73,13
1064,1328899,2022-09-11 10:33:00,217,59,13
1065,1328931,2022-09-25 13:54:00,181,13,19
1066,1329114,2022-07-13 15:01:00,229,42,9
1067,1329199,2022-02-03 08:46:00,229,31,11
1068,1329221,2022-02-19 08:53:00,217,53,10
1069,1329401,2022-08-09 11:36:00,181,66,10
1070,1329592,2022-07-31 22:46:00,217,54,11
1071,1329661,2022-02-11 04:55:00,217,9,12
1072,1329731,2022-04-10 19:24:00,217,28,13
1073,1329742,2022-02-25 06:30:00,181,6,12
1074,1329778,2022-08-09 22:01:00,181,58,17
1075,1329821,2022-07-04 00:56:00,217,10,11
1076,1329872,2022-11-28 05:49:00,217,69,7
1077,1329873,2022-03-21 23:59:00,181,97,6
1078,1329955,2022-08-29 02:12:00,181,98,11
1079,1329966,2022-08-04 07:47:00,181,67,12
1080,1330056,2022-04-25 01:20:00,229,31,9
1081,1330451,2022-08-19 07:31:00,217,29,6
1082,1330506,2022-02-14 01:08:00,181,86,18
1083,1330538,2022-02-04 15:35:00,181,38,10
1084,1330583,2022-09-24 20:32:00,217,82,12
1085,1330610,2022-01-01 05:31:00,229,48,12
1086,1330710,2022-03-20 00:58:00,229,18,13
1087,1330739,2022-05-24 23:25:00,217,80,10
1088,1330834,2022-10-13 14:04:00,181,23,9
1089,1330866,2022-11-05 14:20:00,217,73,12
1090,1330898,2022-04-09 11:29:00,229,2,7
1091,1330911,2022-05-26 04:40:00,217,86,11
1092,1330961,2022-06-09 00:59:00,229,54,12
1093,1331082,2022-10-24 11:15:00,217,87,4
1094,1331084,2022-04-24 12:36:00,181,47,14
1095,1331099,2022-07-14 20:39:00,217,84,8
1096,1331173,2022-06-29 08:14:00,181,86,9
1097,1331201,2022-01-01 21:34:00,181,57,7
1098,1331310,2022-08-03 21:11:00,229,32,11
1099,1331454,2022-02-06 16:00:00,217,33,6
1100,1331546,2022-11-28 06:31:00,217,37,4
1101,1331658,2022-12-02 07:20:00,181,44,8
1102,1331709,2022-07-06 05:37:00,217,81,8
1103,1331730,2022-05-30 02:42:00,217,2,10
1104,1331836,2022-04-01 00:20:00,217,72,10
1105,1331960,2022-09-05 00:10:00,217,3,8
1106,1332066,2022-03-03 13:00:00,181,16,12
1107,1332183,2022-08-06 22:16:00,181,68,10
1108,1332233,2022-03-13 09:12:00,229,2,4
1109,1332253,2022-01-10 10:03:00,181,5,13
1110,1332524,2022-06-13 08:49:00,229,53,14
1111,1332554,2022-09-18 04:15:00,181,73,13
1112,1332559,2022-12-05 12:34:00,181,87,9
1113,1332732,2022-06-16 21:06:00,229,70,9
1114,1332776,2022-08-04 14:14:00,181,73,9
1115,1332917,2022-01-01 07:06:00,217,53,5
1116,1332933,2022-02-22 21:12:00,229,29,10
1117,1332948,2022-09-17 06:50:00,229,48,8
1118,1332977,2022-07-05 19:31:00,217,50,9
1119,1333166,2022-07-19 18:32:00,217,19,13
1120,1333211,2022-05-17 21:25:00,181,41,11
1121,1333279,2022-08-14 00:27:00,181,42,4
1122,1333358,2022-01-06 11:40:00,217,52,8
1123,1333406,2022-12-10 16:54:00,217,72,14
1124,1333464,2022-07-14 14:38:00,217,71,9
1125,1333555,2022-09-10 22:06:00,181,26,10
1126,1333600,2022-11-28 02:41:00,181,6,13
1127,1333638,2022-10-02 13:59:00,181,57,6
1128,1333734,2022-08-27 23:49:00,181,84,7
1129,1333739,2022-01-03 23:59:00,217,69,13
1130,1333770,2022-06-06 04:38:00,181,82,10
1131,1333792,2022-02-06 23:07:00,217,31,11
1132,1333879,2022-06-30 02:19:00,229,19,12
1133,1333897,2022-08-21 19:40:00,229,76,7
1134,1333932,2022-09-03 20:07:00,229,76,13
1135,1333942,2022-12-01 17:36:00,229,21,10
1136,1333947,2022-09-25 03:45:00,217,6,13
1137,1333958,2022-10-23 22:27:00,229,52,6
1138,1333972,2022-01-01 19:07:00,217,66,9
1139,1334059,2022-08-23 08:28:00,229,49,15
1140,1334081,2022-06-05 04:40:00,181,84,11
1141,1334264,2022-01-10 14:42:00,229,25,8
1142,1334301,2022-05-03 07:14:00,217,30,9
1143,1334343,2022-07-16 10:49:00,229,4,15
1144,1334419,2022-11-26 20:26:00,217,75,11
1145,1334493,2022-04-30 03:05:00,217,23,8
1146,1334638,2022-10-10 11:02:00,181,15,9
1147,1334640,2022-05-07 09:58:00,229,97,7
1148,1334689,2022-09-05 20:36:00,229,12,12
1149,1334692,2022-07-21 07:25:00,229,29,14
1150,1334784,2022-07-18 05:20:00,229,12,17
1151,1334797,2022-11-21 02:16:00,181,65,13
1152,1334819,2022-06-03 06:30:00,217,58,14
1153,1334823,2022-04-10 10:57:00,181,50,11
1154,1335005,2022-09-27 16:18:00,229,40,11
1155,1335007,2022-07-17 02:41:00,229,13,11
1156,1335088,2022-08-10 19:40:00,229,21,6
1157,1335275,2022-10-18 08:16:00,229,94,10
1158,1335559,2022-06-10 19:23:00,217,20,13
1159,1335575,2022-07-22 06:18:00,229,66,11
1160,1335594,2022-07-04 06:49:00,217,19,12
1161,1335638,2022-11-21 20:07:00,229,70,10
1162,1335656,2022-09-27 13:35:00,181,58,12
1163,1335709,2022-07-19 21:48:00,229,11,9
1164,1335801,2022-03-28 22:28:00,217,33,11
1165,1335870,2022-01-24 21:28:00,229,25,11
1166,1335876,2022-07-17 11:30:00,181,76,7
1167,1335991,2022-03-03 21:59:00,181,98,10
1168,1336021,2022-07-14 11:11:00,229,90,14
1169,1336035,2022-12-11 14:19:00,181,89,11
1170,1336201,2022-04-08 06:43:00,217,46,11
1171,1336305,2022-07-23 09:04:00,181,3,14
1172,1336313,2022-06-26 17:37:00,181,64,9
1173,1336364,2022-03-30 02:48:00,181,50,9
1174,1336410,2022-05-09 15:18:00,229,21,9
1175,1336482,2022-03-17 16:10:00,229,99,15
1176,1336499,2022-08-09 14:12:00,217,50,16
1177,1336690,2022-04-09 13:44:00,229,79,12
1178,1336743,2022-04-14 06:31:00,181,7,10
1179,1336758,2022-05-14 03:09:00,229,7,10
1180,1336907,2022-10-06 20:00:00,229,13,9
1181,1336954,2022-04-07 15:17:00,229,28,5
1182,1337124,2022-06-07 01:59:00,181,71,8
1183,1337192,2022-01-13 22:58:00,229,32,13
1184,1337349,2022-02-13 08:08:00,181,92,10
1185,1337479,2022-08-28 06:18:00,181,19,11
1186,1337536,2022-09-20 12:59:00,229,73,5
1187,1337599,2022-05-17 20:45:00,217,22,6
1188,1337659,2022-04-08 20:09:00,229,50,12
1189,1337706,2022-01-23 02:52:00,229,52,11
1190,1337735,2022-05-31 02:10:00,181,21,12
1191,1337758,2022-06-25 08:40:00,217,99,7
1192,1337761,2022-05-05 10:38:00,181,85,15
1193,1337997,2022-02-27 14:58:00,229,43,9
1194,1338042,2022-03-26 12:16:00,217,52,10
1195,1338062,2022-11-24 06:46:00,181,31,5
1196,1338180,2022-03-30 00:27:00,181,19,12
1197,1338200,2022-03-11 01:49:00,229,51,10
1198,1338266,2022-02-09 07:42:00,229,97,12
1199,1338334,2022-10-05 12:49:00,217,20,13
1200,1338531,2022-10-27 22:42:00,229,3,10
1201,1338688,2022-01-20 21:57:00,181,33,14
1202,1338797,2022-04-07 21:06:00,181,84,7
1203,1338857,2022-11-01 11:04:00,181,16,11
1204,1338887,2022-09-02 17:31:00,229,22,16
1205,1339011,2022-10-19 20:50:00,181,34,11
1206,1339119,2022-03-02 08:34:00,181,34,7
1207,1339147,2022-07-13 16:29:00,181,15,16
1208,1339418,2022-05-15 13:44:00,217,21,9
1209,1339467,2022-10-01 13:09:00,229,51,9
1210,1339481,2022-01-17 04:45:00,217,86,14
1211,1339617,2022-03-25 01:31:00,229,53,12
1212,1339644,2022-09-27 07:36:00,217,44,8
1213,1339673,2022-01-24 06:42:00,217,58,3
1214,1339816,2022-09-29 10:06:00,217,70,11
1215,1339945,2022-06-28 16:20:00,181,51,12
1216,1340221,2022-06-25 09:53:00,217,66,12
1217,1340301,2022-06-14 10:23:00,181,34,12
1218,1340572,2022-03-06 09:05:00,217,45,14
1219,1340665,2022-05-02 14:19:00,229,83,11
1220,1340708,2022-10-10 11:25:00,229,54,5
1221,1340798,2022-06-05 20:23:00,181,97,14
1222,1340824,2022-09-01 23:42:00,181,83,15
1223,1340885,2022-09-05 15:35:00,217,29,7
1224,1340917,2022-09-18 13:10:00,181,47,9
1225,1340969,2022-02-22 00:06:00,217,74,7
1226,1341013,2022-07-01 10:54:00,217,59,10
1227,1341055,2022-12-04 01:56:00,229,66,11
1228,1341131,2022-10-11 06:28:00,181,7,6
1229,1341225,2022-01-27 10:45:00,181,52,18
1230,1341271,2022-04-05 00:34:00,217,88,12
1231,1341292,2022-11-05 18:00:00,229,59,8
1232,1341358,2022-10-21 23:59:00,229,48,6
1233,1341418,2022-01-26 08:24:00,217,71,8
1234,1341584,2022-08-24 04:21:00,181,37,11
1235,1341606,2022-09-20 03:48:00,217,16,8
1236,1341698,2022-02-08 13:15:00,217,54,13
1237,1341758,2022-06-17 22:19:00,229,25,5
1238,1341780,2022-11-14 16:25:00,181,91,15
1239,1341789,2022-04-19 13:59:00,181,64,15
1240,1341822,2022-06-22 20:22:00,229,4,8
1241,1341832,2022-08-11 13:32:00,229,65,10
1242,1341853,2022-02-28 23:37:00,181,17,6
1243,1341884,2022-12-11 22:08:00,181,92,9
1244,1341904,2022-04-02 22:29:00,217,52,11
1245,1341974,2022-02-05 07:12:00,217,17,7
1246,1342101,2022-01-13 22:54:00,229,35,11
1247,1342276,2022-06-02 03:24:00,229,67,14
1248,1342329,2022-09-19 22:37:00,181,51,7
1249,1342513,2022-06-20 13:37:00,217,23,10
1250,1342624,2022-09-13 12:50:00,229,17,12
1251,1342639,2022-04-17 15:39:00,217,14,7
1252,1342659,2022-10-01 17:43:00,229,26,4
1253,1342663,2022-05-20 01:18:00,217,39,7
1254,1342684,2022-10-18 19:27:00,181,97,10
1255,1342764,2022-04-20 13:13:00,217,77,8
1256,1342804,2022-06-19 03:21:00,229,55,14
1257,1342818,2022-10-26 02:36:00,217,38,10
1258,1342880,2022-06-25 12:03:00,229,4,6
1259,1343013,2022-09-24 02:14:00,229,97,10
1260,1343121,2022-01-02 01:05:00,181,79,11
1261,1343127,2022-11-28 13:45:00,181,73,8
1262,1343155,2022-03-27 13:46:00,217,29,12
1263,1343295,2022-01-03 17:27:00,181,93,9
1264,1343574,2022-12-07 14:58:00,229,47,11
1265,1343575,2022-06-30 23:44:00,217,68,4
1266,1343584,2022-11-21 01:32:00,229,36,7
1267,1343702,2022-09-22 09:54:00,217,57,13
1268,1343810,2022-02-19 22:19:00,229,85,12
1269,1343835,2022-08-22 03:25:00,217,7,4
1270,1343966,2022-07-10 10:38:00,217,67,15
1271,1343983,2022-07-31 09:48:00,229,65,10
1272,1344160,2022-09-05 22:29:00,181,15,12
1273,1344192,2022-11-27 05:53:00,229,83,10
1274,1344216,2022-08-06 15:27:00,229,57,5
1275,1344353,2022-03-03 12:11:00,217,36,9
1276,1344447,2022-11-02 05:08:00,229,73,11
1277,1344488,2022-03-23 03:17:00,217,18,7
1278,1344495,2022-06-19 07:33:00,217,18,10
1279,1344685,2022-01-02 07:56:00,181,65,12
1280,1344798,2022-05-11 07:49:00,217,88,10
1281,1344804,2022-11-10 13:46:00,181,67,7
1282,1344872,2022-05-21 00:31:00,229,81,6
1283,1344900,2022-07-10 16:28:00,181,77,8
1284,1344932,2022-06-18 09:21:00,181,43,9
1285,1345146,2022-09-24 19:47:00,217,44,8
1286,1345207,2022-08-13 14:36:00,181,51,13
1287,1345323,2022-08-01 04:41:00,229,82,12
1288,1345574,2022-10-30 17:48:00,181,3,10
1289,1345579,2022-10-28 18:16:00,229,91,7
1290,1346075,2022-04-30 18:24:00,217,63,7
1291,1346087,2022-02-15 18:25:00,181,44,4
1292,1346095,2022-01-27 09:39:00,181,58,10
1293,1346299,2022-12-08 03:02:00,181,36,11
1294,1346364,2022-04-30 18:17:00,181,94,11
1295,1346367,2022-08-15 04:52:00,229,17,13
1296,1346417,2022-02-02 23:23:00,217,77,16
1297,1346425,2022-01-26 22:38:00,217,38,10
1298,1346444,2022-03-03 02:37:00,181,88,13
1299,1346594,2022-08-29 07:59:00,181,94,6
1300,1346701,2022-10-04 10:53:00,181,68,9
1301,1346952,2022-06-28 22:42:00,229,10,7
1302,1347047,2022-07-17 12:45:00,181,41,11
1303,1347093,2022-10-17 22:47:00,217,13,12
1304,1347112,2022-01-15 06:39:00,217,78,7
1305,1347148,2022-11-21 22:21:00,181,94,7
1306,1347570,2022-03-25 15:25:00,229,48,6
1307,1347649,2022-01-01 23:38:00,181,82,7
1308,1347673,2022-01-20 16:44:00,181,29,15
1309,1347749,2022-02-04 14:03:00,229,84,12
1310,1347843,2022-05-13 15:45:00,217,7,13
1311,1347925,2022-06-19 08:34:00,217,29,7
1312,1347985,2022-01-02 20:01:00,217,85,11
1313,1348038,2022-10-29 19:02:00,217,40,14
1314,1348101,2022-02-06 22:54:00,217,29,8
1315,1348161,2022-05-15 18:03:00,181,8,8
1316,1348192,2022-06-10 05:20:00,229,41,8
1317,1348216,2022-02-06 23:09:00,229,72,9
1318,1348234,2022-07-04 05:46:00,181,43,14
1319,1348281,2022-04-24 21:53:00,181,99,13
1320,1348293,2022-09-05 12:06:00,217,61,10
1321,1348305,2022-11-05 21:42:00,181,21,9
1322,1348615,2022-04-09 11:00:00,217,54,8
1323,1348636,2022-09-06 17:20:00,181,61,9
1324,1348735,2022-05-21 04:44:00,229,93,8
1325,1348876,2022-09-08 23:41:00,229,64,8
1326,1348877,2022-10-05 11:26:00,229,15,8
1327,1348898,2022-03-23 12:27:00,181,44,11
1328,1349356,2022-07-31 15:06:00,181,86,6
1329,1349391,2022-09-05 06:16:00,181,81,11
1330,1349398,2022-10-02 05:39:00,217,60,6
1331,1349470,2022-09-06 02:07:00,229,96,15
1332,1349507,2022-01-28 17:00:00,229,64,11
1333,1349596,2022-10-29 14:17:00,229,69,11
1334,1349652,2022-04-13 03:54:00,217,24,16
1335,1349665,2022-01-01 19:28:00,229,16,11
1336,1349711,2022-11-25 07:57:00,229,69,9
1337,1349717,2022-07-17 02:32:00,229,97,9
1338,1349738,2022-04-27 18:35:00,217,59,9
1339,1349815,2022-09-29 19:29:00,181,67,12
1340,1349953,2022-03-22 15:45:00,181,73,8
1341,1349977,2022-05-13 23:22:00,181,82,12
1342,1350026,2022-01-31 01:44:00,181,51,10
1343,1350095,2022-09-22 09:10:00,217,18,14
1344,1350217,2022-09-04 08:21:00,217,77,7
1345,1350495,2022-05-04 20:52:00,181,55,7
1346,1350523,2022-05-01 06:17:00,229,2,6
1347,1350553,2022-04-13 20:20:00,217,97,9
1348,1350610,2022-01-07 23:23:00,217,64,12
1349,1350612,2022-08-14 08:27:00,229,25,14
1350,1350650,2022-05-28 20:26:00,181,96,10
1351,1350862,2022-04-24 20:38:00,217,31,6
1352,1350880,2022-03-03 08:30:00,181,65,8
1353,1350888,2022-06-16 07:54:00,229,48,12
1354,1350916,2022-02-23 09:29:00,181,15,12
1355,1350925,2022-06-24 16:45:00,229,54,4
1356,1350953,2022-09-26 07:02:00,181,69,5
1357,1351163,2022-11-16 17:28:00,181,63,7
1358,1351287,2022-03-31 20:06:00,217,7,8
1359,1351455,2022-05-16 04:52:00,217,67,10
1360,1351488,2022-10-30 07:54:00,229,66,9
1361,1351573,2022-06-10 21:09:00,229,63,7
1362,1351599,2022-08-06 18:56:00,229,69,9
1363,1351919,2022-04-04 08:09:00,229,8,13
1364,1351954,2022-08-02 17:00:00,217,46,5
1365,1352027,2022-10-20 01:16:00,229,44,13
1366,1352092,2022-10-30 13:01:00,181,74,4
1367,1352110,2022-01-10 18:02:00,229,25,17
1368,1352143,2022-11-17 15:11:00,217,13,10
1369,1352312,2022-09-07 11:15:00,181,46,17
1370,1352346,2022-06-07 00:51:00,181,26,14
1371,1352392,2022-11-25 21:50:00,181,94,16
1372,1352509,2022-03-09 07:38:00,181,49,11
1373,1352534,2022-03-25 00:17:00,217,78,14
1374,1352947,2022-02-17 02:19:00,217,74,18
1375,1353014,2022-09-11 13:25:00,181,36,3
1376,1353063,2022-08-19 05:19:00,229,6,10
1377,1353088,2022-06-18 02:17:00,229,10,7
1378,1353328,2022-07-16 02:53:00,229,58,8
1379,1353524,2022-08-21 22:15:00,181,53,14
1380,1353766,2022-11-17 04:25:00,217,11,4
1381,1353881,2022-07-23 12:02:00,181,87,10
1382,1353910,2022-04-14 01:16:00,217,40,7
1383,1353924,2022-12-11 10:09:00,229,13,7
1384,1353941,2022-01-18 22:35:00,229,8,14
1385,1353946,2022-10-16 03:56:00,181,93,15
1386,1353964,2022-01-16 05:37:00,217,73,8
1387,1354059,2022-12-01 11:42:00,181,7,14
1388,1354176,2022-03-31 06:37:00,217,8,4
1389,1354231,2022-10-02 15:53:00,229,26,9
1390,1354286,2022-06-25 00:44:00,181,88,14
1391,1354494,2022-06-29 04:18:00,229,48,10
1392,1354576,2022-08-07 13:38:00,229,14,10
1393,1354784,2022-08-21 08:05:00,217,35,13
1394,1354864,2022-08-30 17:39:00,217,42,11
1395,1354868,2022-09-11 20:03:00,217,44,8
1396,1355010,2022-10-27 16:37:00,229,93,13
1397,1355452,2022-01-23 18:17:00,229,59,12
1398,1355686,2022-03-03 07:30:00,217,90,14
1399,1355705,2022-08-03 21:57:00,229,39,14
1400,1355821,2022-04-29 01:25:00,181,84,13
1401,1355853,2022-03-19 06:01:00,229,96,5
1402,1356266,2022-01-03 17:38:00,217,21,11
1403,1356303,2022-02-17 04:15:00,229,85,8
1404,1356410,2022-10-05 00:05:00,217,75,10
1405,1356466,2022-07-03 10:47:00,229,20,15
1406,1356622,2022-06-19 23:28:00,229,98,10
1407,1356649,2022-05-22 11:33:00,217,37,13
1408,1356684,2022-05-13 21:16:00,181,71,15
1409,1356882,2022-01-06 16:44:00,217,12,7
1410,1356936,2022-12-06 23:59:00,217,44,11
1411,1357017,2022-10-03 01:15:00,181,47,8
1412,1357035,2022-02-07 15:17:00,181,94,11
1413,1357038,2022-05-15 12:09:00,217,16,8
1414,1357079,2022-06-28 00:14:00,181,29,10
1415,1357091,2022-09-10 02:50:00,217,82,8
1416,1357211,2022-07-16 10:56:00,181,40,8
1417,1357224,2022-03-15 04:20:00,181,76,15
1418,1357268,2022-08-13 07:52:00,181,52,6
1419,1357276,2022-03-21 10:04:00,229,69,7
1420,1357278,2022-04-04 04:22:00,217,71,9
1421,1357308,2022-03-08 02:51:00,217,7,5
1422,1357512,2022-05-15 13:36:00,181,89,8
1423,1357564,2022-11-24 18:21:00,181,53,9
1424,1357800,2022-01-04 15:24:00,181,26,4
1425,1357971,2022-09-30 03:45:00,217,19,11
1426,1357979,2022-09-20 14:39:00,217,12,6
1427,1358014,2022-03-21 20:57:00,181,85,11
1428,1358041,2022-01-14 10:57:00,181,9,11
1429,1358141,2022-11-23 18:15:00,217,74,6
1430,1358234,2022-09-24 00:43:00,229,7,11
1431,1358368,2022-03-25 08:59:00,181,62,13
1432,1358430,2022-04-28 06:07:00,229,73,6
1433,1358582,2022-11-25 19:21:00,181,27,13
1434,1358590,2022-09-08 18:00:00,229,71,14
1435,1358639,2022-03-27 07:14:00,229,48,9
1436,1358665,2022-02-09 12:27:00,181,64,10
1437,1358685,2022-01-24 17:32:00,229,76,7
1438,1358702,2022-01-30 10:22:00,229,47,10
1439,1359066,2022-01-27 22:27:00,181,63,13
1440,1359135,2022-06-13 02:44:00,181,77,12
1441,1359172,2022-01-24 00:55:00,229,40,7
1442,1359175,2022-05-13 13:30:00,229,90,12
1443,1359211,2022-06-15 04:25:00,229,39,13
1444,1359243,2022-10-17 01:23:00,217,33,10
1445,1359419,2022-10-18 21:28:00,217,89,7
1446,1359452,2022-04-03 14:20:00,217,90,13
1447,1359530,2022-09-22 06:57:00,181,39,7
1448,1359638,2022-02-23 04:03:00,181,82,7
1449,1359665,2022-11-13 20:34:00,229,93,7
1450,1359667,2022-02-08 04:22:00,217,75,7
1451,1359687,2022-04-24 12:39:00,217,55,10
1452,1359749,2022-04-20 07:02:00,217,83,10
1453,1359804,2022-04-28 18:32:00,229,24,12
1454,1359869,2022-10-24 00:49:00,217,81,9
1455,1359921,2022-11-11 22:04:00,217,59,10
1456,1359922,2022-04-22 04:33:00,217,60,5
1457,1360016,2022-06-23 10:08:00,181,13,11
1458,1360082,2022-03-08 18:55:00,229,59,9
1459,1360122,2022-11-29 05:01:00,229,29,14
1460,1360127,2022-02-25 07:01:00,217,19,9
1461,1360204,2022-01-15 06:13:00,229,21,10
1462,1360722,2022-05-03 16:13:00,217,55,7
1463,1360773,2022-10-18 01:23:00,217,56,7
1464,1360813,2022-08-22 06:59:00,181,73,15
1465,1360852,2022-10-04 20:37:00,181,90,5
1466,1360872,2022-04-11 11:01:00,229,93,13
1467,1360880,2022-03-21 10:18:00,217,51,12
1468,1361053,2022-09-03 22:59:00,229,2,10
1469,1361079,2022-11-13 02:05:00,181,55,8
1470,1361094,2022-05-31 19:58:00,229,39,10
1471,1361167,2022-11-28 19:57:00,229,29,5
1472,1361198,2022-01-05 23:11:00,217,84,9
1473,1361218,2022-01-05 20:01:00,217,93,10
1474,1361227,2022-06-08 12:14:00,181,32,13
1475,1361237,2022-07-10 17:50:00,181,84,9
1476,1361243,2022-07-15 11:16:00,181,84,8
1477,1361292,2022-07-24 04:45:00,229,70,8
1478,1361376,2022-04-30 07:10:00,229,82,8
1479,1361393,2022-03-19 06:58:00,229,18,14
1480,1361477,2022-02-09 11:26:00,229,9,14
1481,1361513,2022-01-07 06:05:00,217,14,9
1482,1361593,2022-10-05 09:33:00,217,20,12
1483,1361664,2022-06-21 15:19:00,181,97,12
1484,1361672,2022-01-01 03:53:00,217,11,10
1485,1361800,2022-10-09 14:50:00,217,65,8
1486,1362144,2022-03-05 20:27:00,217,55,10
1487,1362196,2022-03-02 01:43:00,217,25,9
